CHROM,POS,ID,GENE,GENOTYPE,REF,ALT,DISEASE,RISK_SCORE
19,62219156,rs124755,APOE,AG,T,G,Alzheimer's,0.72
10,191319508,rs162371,CDKN2A/B,AG,G,G,Cancer,0.9
8,187033490,rs162371,NOS3,CC,A,C,Heart Disease,0.8
4,156358972,rs841919,PPARG,GG,A,T,Obesity,0.51
19,165380518,rs124755,NOS3,CT,C,G,Heart Disease,0.72
8,87748531,rs325728,TCF7L2,AG,C,C,Diabetes,0.57
19,2222174,rs325728,PPARG,GG,A,A,Obesity,0.52
1,20522458,rs325728,APOE,AG,G,A,Alzheimer's,0.78
4,188977112,rs162371,CDKN2A/B,CC,C,C,Cancer,0.74
6,103082876,rs441493,MIA3,CT,T,G,Heart Disease,0.64
19,86137369,rs486457,MTHFR,AG,C,T,Hypertension,0.56
8,42833304,rs841919,MIA3,CC,T,A,Heart Disease,0.78
8,160105105,rs460654,F5,TT,G,G,Stroke,0.77
10,193782428,rs325728,TCF7L2,CT,A,G,Diabetes,0.6
1,140903976,rs124755,NOS3,GG,C,C,Heart Disease,0.75
1,36747327,rs460654,F5,GG,G,A,Stroke,0.69
8,66781933,rs841919,NOS3,CC,C,T,Heart Disease,0.69
7,70226410,rs841919,F5,GG,T,T,Stroke,0.66
4,24262911,rs325728,APOE,TT,G,C,Alzheimer's,0.7
1,166006053,rs486457,PPARG,AA,A,A,Obesity,0.64
6,154166489,rs325728,BRCA1,CC,G,C,Cancer,0.82
19,139131391,rs486457,F5,CT,T,A,Stroke,0.72
1,135836983,rs841919,PPARG,AA,G,T,Obesity,0.43
19,104684530,rs504472,BRCA1,AA,C,C,Cancer,0.91
4,11825185,rs841919,BRCA1,GG,C,C,Cancer,0.83
11,127660865,rs486457,APOE,TT,C,T,Alzheimer's,0.76
1,158376402,rs504472,MIA3,AG,C,G,Heart Disease,0.74
8,108676216,rs124755,CDKN2A/B,AA,C,A,Cancer,0.77
6,47715242,rs124755,PPARG,AG,G,G,Obesity,0.5
10,115886321,rs460654,F5,AG,G,A,Stroke,0.72
8,172317088,rs462370,CDKN2A/B,TT,A,G,Cancer,0.85
6,20792549,rs841919,MTHFR,AA,C,T,Hypertension,0.64
11,55496663,rs441493,MIA3,CT,T,C,Heart Disease,0.64
19,37919999,rs462370,NOS3,AA,T,T,Heart Disease,0.67
8,114945482,rs460654,MIA3,AA,A,C,Heart Disease,0.74
8,155486373,rs162371,CDKN2A/B,CC,C,C,Cancer,0.78
19,76416049,rs486457,BRCA1,CC,C,G,Cancer,0.71
8,65842320,rs325728,APOE,AA,G,A,Alzheimer's,0.71
4,125667984,rs841919,MIA3,CC,T,A,Heart Disease,0.62
19,11776059,rs124755,APOE,AG,A,G,Alzheimer's,0.75
19,52882210,rs162371,APOE,TT,G,C,Alzheimer's,0.86
11,117718632,rs460654,CDKN2A/B,CT,A,G,Cancer,0.9
4,125071828,rs504472,MIA3,AG,C,A,Heart Disease,0.7
10,142086871,rs162371,PPARG,CT,C,G,Obesity,0.61
11,164548117,rs124755,MIA3,CT,T,A,Heart Disease,0.73
8,129796569,rs841919,PPARG,CC,G,C,Obesity,0.48
8,86327654,rs162371,BRCA1,TT,A,C,Cancer,0.75
8,19639272,rs441493,MTHFR,CT,G,C,Hypertension,0.64
8,51037565,rs460654,BRCA1,CT,G,G,Cancer,0.84
10,56790404,rs462370,BRCA1,TT,G,T,Cancer,0.84
8,177382247,rs486457,TCF7L2,AA,G,A,Diabetes,0.58
8,117985392,rs325728,APOE,GG,C,G,Alzheimer's,0.7
19,15080531,rs504472,TCF7L2,AA,G,C,Diabetes,0.73
10,34801063,rs462370,TCF7L2,GG,A,C,Diabetes,0.55
6,138007865,rs325728,PPARG,AA,G,C,Obesity,0.53
4,125235416,rs898181,NOS3,AA,A,A,Heart Disease,0.71
8,89961617,rs841919,TCF7L2,AA,C,A,Diabetes,0.6
6,20814670,rs441493,MTHFR,AG,C,T,Hypertension,0.55
4,73770973,rs462370,BRCA1,GG,G,A,Cancer,0.85
6,75828783,rs486457,PPARG,CC,A,A,Obesity,0.52
7,181990429,rs460654,PPARG,TT,G,T,Obesity,0.47
10,23649972,rs462370,TCF7L2,CT,G,T,Diabetes,0.71
6,6166043,rs462370,PPARG,AG,A,G,Obesity,0.58
6,31112231,rs462370,APOE,CC,G,G,Alzheimer's,0.72
7,61997741,rs162371,F5,TT,T,G,Stroke,0.74
19,114803717,rs162371,NOS3,TT,G,T,Heart Disease,0.78
7,180208223,rs124755,F5,AA,T,G,Stroke,0.73
7,167566608,rs460654,CDKN2A/B,CC,C,G,Cancer,0.83
11,49840124,rs460654,CDKN2A/B,AA,C,T,Cancer,0.83
8,182336669,rs462370,TCF7L2,TT,G,C,Diabetes,0.74
4,191288606,rs460654,MTHFR,CC,A,C,Hypertension,0.62
10,165048118,rs841919,NOS3,CC,A,G,Heart Disease,0.65
8,88722011,rs486457,F5,TT,A,G,Stroke,0.67
8,185432819,rs441493,TCF7L2,GG,C,C,Diabetes,0.65
8,46418815,rs441493,CDKN2A/B,CC,G,T,Cancer,0.73
10,112812776,rs898181,PPARG,CT,T,G,Obesity,0.54
8,154417655,rs162371,PPARG,CT,T,T,Obesity,0.44
19,119435616,rs124755,BRCA1,GG,A,C,Cancer,0.81
4,184551553,rs460654,BRCA1,TT,T,T,Cancer,0.74
6,30360155,rs162371,APOE,TT,A,T,Alzheimer's,0.67
8,199159866,rs325728,BRCA1,GG,C,G,Cancer,0.75
10,123609040,rs486457,BRCA1,CC,T,C,Cancer,0.84
8,141441366,rs162371,CDKN2A/B,GG,G,G,Cancer,0.7
8,161624681,rs441493,CYP2C9,AG,G,G,Stroke,0.66
8,33016203,rs486457,CYP2C9,CC,G,T,Stroke,0.79
7,63557311,rs898181,BRCA1,CC,A,A,Cancer,0.77
11,142216283,rs841919,NOS3,CT,G,A,Heart Disease,0.71
7,141659117,rs841919,MTHFR,CT,A,T,Hypertension,0.62
8,113409878,rs504472,MIA3,GG,T,C,Heart Disease,0.72
8,80648270,rs462370,NOS3,TT,T,G,Heart Disease,0.67
19,157879008,rs462370,CDKN2A/B,AG,A,T,Cancer,0.82
7,24584518,rs841919,MTHFR,AA,G,T,Hypertension,0.65
8,167827183,rs504472,PPARG,GG,G,G,Obesity,0.65
4,31366342,rs441493,BRCA1,AG,G,C,Cancer,0.8
19,174159750,rs441493,MTHFR,AA,A,C,Hypertension,0.63
7,177067197,rs162371,CDKN2A/B,AA,T,C,Cancer,0.69
11,10801821,rs162371,BRCA1,GG,A,T,Cancer,0.72
8,171232583,rs162371,APOE,GG,G,A,Alzheimer's,0.75
4,34054745,rs460654,CDKN2A/B,AG,C,A,Cancer,0.79
8,85901344,rs841919,F5,AA,G,T,Stroke,0.71
8,130281427,rs124755,F5,GG,A,T,Stroke,0.69
8,45850149,rs460654,NOS3,CC,A,C,Heart Disease,0.76
8,105893888,rs898181,CDKN2A/B,AA,A,C,Cancer,0.72
10,74780812,rs504472,APOE,GG,T,C,Alzheimer's,0.72
8,148643818,rs441493,F5,AG,T,G,Stroke,0.63
8,95583409,rs441493,NOS3,CC,C,C,Heart Disease,0.71
4,26384859,rs486457,APOE,CC,A,A,Alzheimer's,0.75
7,136280230,rs460654,CYP2C9,CC,T,A,Stroke,0.7
1,50510370,rs441493,NOS3,CT,G,T,Heart Disease,0.75
8,72928700,rs325728,CDKN2A/B,CC,T,C,Cancer,0.86
4,100090615,rs504472,PPARG,GG,T,A,Obesity,0.57
8,62482311,rs460654,PPARG,GG,T,C,Obesity,0.54
19,172591741,rs460654,PPARG,GG,G,T,Obesity,0.52
8,64118233,rs462370,CYP2C9,CT,C,A,Stroke,0.77
19,22795066,rs124755,PPARG,AA,A,A,Obesity,0.5
10,155677242,rs841919,NOS3,TT,A,C,Heart Disease,0.71
1,63070983,rs124755,NOS3,GG,T,G,Heart Disease,0.73
8,99104741,rs486457,BRCA1,GG,C,G,Cancer,0.75
7,65585317,rs441493,MIA3,CT,A,G,Heart Disease,0.75
8,18755097,rs898181,MTHFR,TT,A,A,Hypertension,0.56
6,85137261,rs441493,TCF7L2,CT,C,T,Diabetes,0.69
8,51823653,rs486457,TCF7L2,TT,C,C,Diabetes,0.6
8,91942999,rs462370,TCF7L2,AA,C,A,Diabetes,0.74
11,86864415,rs898181,CYP2C9,AG,C,A,Stroke,0.72
8,97182066,rs841919,CYP2C9,TT,T,G,Stroke,0.64
8,123577985,rs162371,TCF7L2,TT,A,A,Diabetes,0.63
8,62603000,rs460654,NOS3,GG,T,A,Heart Disease,0.71
4,77956047,rs441493,APOE,AG,C,A,Alzheimer's,0.67
10,1899708,rs486457,NOS3,AG,G,C,Heart Disease,0.7
8,171997096,rs898181,NOS3,AA,C,T,Heart Disease,0.8
1,74508429,rs441493,CYP2C9,GG,A,A,Stroke,0.69
19,63901893,rs841919,TCF7L2,AA,C,A,Diabetes,0.61
8,40385421,rs124755,BRCA1,CT,C,T,Cancer,0.78
19,142755211,rs841919,BRCA1,TT,C,C,Cancer,0.79
8,153638037,rs460654,NOS3,AA,A,T,Heart Disease,0.8
8,25134563,rs441493,MIA3,AG,G,G,Heart Disease,0.67
6,86058785,rs124755,MTHFR,GG,A,A,Hypertension,0.57
4,154768433,rs460654,TCF7L2,GG,G,T,Diabetes,0.6
4,187330106,rs441493,TCF7L2,GG,A,C,Diabetes,0.62
7,145102829,rs504472,BRCA1,GG,A,A,Cancer,0.78
11,33618744,rs462370,PPARG,AG,T,C,Obesity,0.48
1,14137250,rs898181,PPARG,GG,G,T,Obesity,0.65
6,4373773,rs462370,TCF7L2,TT,G,G,Diabetes,0.64
7,138474446,rs841919,CDKN2A/B,AA,T,A,Cancer,0.89
10,84823003,rs898181,NOS3,CC,C,A,Heart Disease,0.65
4,101356265,rs124755,APOE,AG,C,A,Alzheimer's,0.75
19,102594007,rs441493,CDKN2A/B,CT,G,C,Cancer,0.85
11,56966009,rs460654,TCF7L2,AA,C,G,Diabetes,0.53
4,55353111,rs462370,TCF7L2,AA,T,T,Diabetes,0.69
1,84441777,rs460654,CDKN2A/B,GG,A,C,Cancer,0.88
6,179036405,rs124755,CDKN2A/B,TT,G,G,Cancer,0.74
1,86550748,rs162371,APOE,AA,G,T,Alzheimer's,0.7
8,28744613,rs325728,PPARG,TT,T,T,Obesity,0.61
8,76576615,rs504472,TCF7L2,AA,T,A,Diabetes,0.74
10,69304515,rs162371,CYP2C9,GG,T,C,Stroke,0.61
10,51752782,rs162371,NOS3,CC,A,G,Heart Disease,0.7
11,71114151,rs841919,NOS3,GG,T,T,Heart Disease,0.73
6,95208100,rs460654,CDKN2A/B,TT,A,A,Cancer,0.83
8,177779928,rs325728,APOE,CC,A,G,Alzheimer's,0.66
7,134637173,rs504472,BRCA1,TT,A,G,Cancer,0.77
8,34349133,rs486457,MTHFR,TT,T,C,Hypertension,0.6
11,159670137,rs841919,TCF7L2,TT,G,T,Diabetes,0.75
7,122231113,rs162371,MIA3,AG,C,A,Heart Disease,0.69
1,42290820,rs841919,MTHFR,GG,C,A,Hypertension,0.62
11,51341766,rs841919,NOS3,GG,T,G,Heart Disease,0.76
7,68523820,rs504472,CYP2C9,AA,G,G,Stroke,0.76
10,142342407,rs841919,APOE,GG,T,C,Alzheimer's,0.76
8,40770719,rs841919,F5,CT,G,T,Stroke,0.68
8,146816319,rs325728,NOS3,GG,T,G,Heart Disease,0.64
7,180713831,rs504472,CYP2C9,TT,A,A,Stroke,0.75
10,27622508,rs462370,F5,AG,A,G,Stroke,0.81
4,16311301,rs441493,NOS3,TT,A,T,Heart Disease,0.69
7,134467274,rs462370,APOE,CC,A,C,Alzheimer's,0.76
10,77398808,rs124755,CYP2C9,AA,C,T,Stroke,0.65
1,96614287,rs124755,F5,AG,G,T,Stroke,0.67
8,119929811,rs460654,CYP2C9,AA,T,T,Stroke,0.74
1,129920154,rs898181,CYP2C9,AG,T,G,Stroke,0.7
8,46394530,rs462370,MIA3,TT,G,A,Heart Disease,0.7
11,156113177,rs841919,NOS3,CT,A,C,Heart Disease,0.67
4,45482326,rs486457,PPARG,AA,C,C,Obesity,0.62
8,107300233,rs462370,CDKN2A/B,AG,G,A,Cancer,0.78
8,108513322,rs898181,TCF7L2,CC,T,G,Diabetes,0.57
8,92521741,rs124755,APOE,GG,A,G,Alzheimer's,0.75
19,169351610,rs124755,BRCA1,GG,T,G,Cancer,0.84
8,143055136,rs504472,APOE,AA,T,G,Alzheimer's,0.73
11,85440259,rs441493,BRCA1,AA,G,T,Cancer,0.74
8,148001624,rs898181,MTHFR,AA,C,A,Hypertension,0.56
10,7066716,rs898181,TCF7L2,TT,T,C,Diabetes,0.68
8,9628543,rs460654,TCF7L2,AA,T,T,Diabetes,0.67
6,29409857,rs162371,BRCA1,TT,C,T,Cancer,0.75
6,197356328,rs898181,MTHFR,GG,G,C,Hypertension,0.65
11,152061224,rs841919,MTHFR,CC,T,T,Hypertension,0.69
10,129944446,rs486457,BRCA1,AA,C,G,Cancer,0.85
19,178975678,rs841919,MTHFR,AA,T,C,Hypertension,0.54
8,6506497,rs460654,BRCA1,AG,C,C,Cancer,0.84
8,181156273,rs462370,CYP2C9,TT,T,G,Stroke,0.72
1,129902483,rs486457,TCF7L2,CT,G,A,Diabetes,0.71
8,21393575,rs841919,TCF7L2,CC,T,A,Diabetes,0.56
1,79644183,rs504472,BRCA1,AA,A,C,Cancer,0.88
4,55445994,rs162371,MTHFR,CC,G,G,Hypertension,0.61
7,6209263,rs462370,BRCA1,CT,G,A,Cancer,0.72
8,62109441,rs162371,PPARG,AG,A,A,Obesity,0.55
8,125569208,rs460654,MTHFR,AG,G,G,Hypertension,0.58
4,195898741,rs841919,NOS3,TT,C,T,Heart Disease,0.64
11,163552813,rs504472,NOS3,CT,A,C,Heart Disease,0.71
6,156344052,rs841919,APOE,CT,T,A,Alzheimer's,0.71
11,34217142,rs841919,CYP2C9,GG,T,A,Stroke,0.7
1,55841735,rs441493,MTHFR,AA,G,G,Hypertension,0.67
8,162801163,rs460654,MIA3,CC,C,T,Heart Disease,0.67
6,14979940,rs460654,CDKN2A/B,CT,C,G,Cancer,0.81
19,127970198,rs460654,PPARG,CT,G,G,Obesity,0.55
8,167950970,rs462370,BRCA1,CT,C,G,Cancer,0.78
7,50140474,rs124755,TCF7L2,CC,A,T,Diabetes,0.7
8,26672037,rs162371,F5,AA,A,G,Stroke,0.66
6,167399772,rs325728,TCF7L2,AG,A,T,Diabetes,0.66
8,161535095,rs486457,TCF7L2,AA,C,G,Diabetes,0.74
8,36066777,rs441493,APOE,AG,A,T,Alzheimer's,0.71
8,184879560,rs460654,PPARG,CC,G,T,Obesity,0.61
11,98867211,rs460654,TCF7L2,AG,A,C,Diabetes,0.6
11,144850659,rs841919,APOE,CC,G,A,Alzheimer's,0.77
8,10839029,rs460654,TCF7L2,CC,C,T,Diabetes,0.65
19,196506005,rs462370,PPARG,CC,G,A,Obesity,0.54
4,134709535,rs841919,MIA3,AA,A,G,Heart Disease,0.74
8,181194680,rs486457,MTHFR,TT,T,A,Hypertension,0.57
19,5460868,rs441493,NOS3,CC,T,C,Heart Disease,0.71
6,167333448,rs462370,MIA3,GG,A,A,Heart Disease,0.64
6,59825957,rs504472,MIA3,AG,C,T,Heart Disease,0.7
6,146908403,rs441493,NOS3,CC,C,G,Heart Disease,0.68
1,112333402,rs462370,NOS3,GG,G,C,Heart Disease,0.64
1,169260058,rs124755,F5,GG,A,C,Stroke,0.67
1,67738896,rs325728,BRCA1,CT,T,C,Cancer,0.77
8,167829212,rs486457,CDKN2A/B,CC,A,G,Cancer,0.76
10,79083200,rs504472,PPARG,TT,G,T,Obesity,0.54
10,103209234,rs462370,MTHFR,CC,G,A,Hypertension,0.62
7,16496574,rs460654,F5,CC,T,T,Stroke,0.7
8,128768074,rs124755,MTHFR,TT,A,G,Hypertension,0.65
1,126157294,rs462370,APOE,AG,G,C,Alzheimer's,0.76
10,149404036,rs462370,MIA3,CC,A,A,Heart Disease,0.67
1,89848871,rs841919,NOS3,TT,T,A,Heart Disease,0.69
1,177873023,rs441493,CYP2C9,AA,T,A,Stroke,0.6
6,57384952,rs441493,TCF7L2,GG,C,T,Diabetes,0.69
8,57677288,rs486457,PPARG,CC,G,T,Obesity,0.49
19,168305262,rs441493,CYP2C9,AG,G,G,Stroke,0.77
19,50881210,rs898181,MTHFR,CT,A,C,Hypertension,0.56
11,10631630,rs486457,MTHFR,AA,C,C,Hypertension,0.61
19,104674360,rs898181,BRCA1,GG,G,A,Cancer,0.78
11,14603587,rs325728,CYP2C9,TT,C,G,Stroke,0.66
1,45624250,rs325728,MTHFR,AG,T,T,Hypertension,0.61
1,161134984,rs162371,APOE,CC,T,T,Alzheimer's,0.75
8,51062341,rs441493,APOE,AG,G,C,Alzheimer's,0.75
19,48409874,rs124755,MIA3,AA,T,G,Heart Disease,0.63
7,165003745,rs841919,TCF7L2,AG,G,C,Diabetes,0.65
10,52244287,rs325728,MTHFR,AG,A,T,Hypertension,0.63
1,14569629,rs460654,NOS3,GG,G,C,Heart Disease,0.78
7,161003330,rs898181,BRCA1,GG,C,G,Cancer,0.75
19,65013788,rs460654,CDKN2A/B,TT,C,C,Cancer,0.74
19,175858288,rs325728,BRCA1,CT,T,C,Cancer,0.78
19,134138366,rs325728,MIA3,CC,A,G,Heart Disease,0.67
8,153699131,rs504472,CYP2C9,CT,A,G,Stroke,0.78
8,137164178,rs898181,TCF7L2,GG,T,G,Diabetes,0.64
4,32090938,rs841919,MIA3,CC,A,A,Heart Disease,0.64
1,123180865,rs441493,BRCA1,AG,G,A,Cancer,0.88
6,172651042,rs325728,BRCA1,AA,C,G,Cancer,0.81
4,74688310,rs325728,PPARG,AA,G,G,Obesity,0.53
1,122122759,rs504472,MTHFR,CT,A,A,Hypertension,0.61
8,161117388,rs124755,BRCA1,AA,G,G,Cancer,0.8
1,65744814,rs162371,F5,GG,C,C,Stroke,0.71
7,173958714,rs325728,TCF7L2,GG,C,A,Diabetes,0.6
8,8621126,rs898181,TCF7L2,TT,A,G,Diabetes,0.57
11,130981132,rs441493,APOE,CT,G,G,Alzheimer's,0.72
1,3170978,rs460654,APOE,AG,C,G,Alzheimer's,0.66
7,153355479,rs162371,MTHFR,GG,T,A,Hypertension,0.57
8,63990246,rs460654,PPARG,TT,T,T,Obesity,0.56
7,186583800,rs441493,CDKN2A/B,AG,G,A,Cancer,0.77
8,60275421,rs898181,APOE,CC,A,C,Alzheimer's,0.76
19,149549359,rs325728,NOS3,AA,G,G,Heart Disease,0.71
10,143739009,rs841919,TCF7L2,GG,A,T,Diabetes,0.61
8,102441874,rs325728,F5,CT,T,C,Stroke,0.62
1,165297893,rs486457,APOE,GG,A,G,Alzheimer's,0.88
8,31756165,rs162371,APOE,TT,A,C,Alzheimer's,0.77
7,51551889,rs462370,MIA3,TT,C,G,Heart Disease,0.64
10,66607489,rs504472,CYP2C9,CC,A,A,Stroke,0.72
7,89419041,rs504472,CDKN2A/B,AG,G,T,Cancer,0.81
19,196947769,rs462370,PPARG,CC,C,A,Obesity,0.54
19,113675226,rs898181,APOE,CT,G,C,Alzheimer's,0.79
11,63729146,rs841919,CYP2C9,AG,C,G,Stroke,0.67
4,182893156,rs841919,CDKN2A/B,AA,C,C,Cancer,0.83
11,147031984,rs841919,MIA3,GG,T,C,Heart Disease,0.75
10,152801553,rs441493,CYP2C9,AA,A,T,Stroke,0.82
4,156963008,rs486457,BRCA1,TT,C,T,Cancer,0.95
19,63617101,rs898181,CDKN2A/B,TT,A,C,Cancer,0.77
8,162926794,rs898181,MTHFR,AA,G,C,Hypertension,0.59
11,32190012,rs486457,APOE,TT,C,G,Alzheimer's,0.76
7,110007156,rs898181,APOE,TT,T,A,Alzheimer's,0.71
7,19101196,rs841919,MIA3,TT,T,T,Heart Disease,0.74
10,66820430,rs504472,CYP2C9,GG,A,A,Stroke,0.75
8,169523978,rs460654,MTHFR,AG,A,T,Hypertension,0.69
4,21555724,rs162371,MIA3,AG,A,C,Heart Disease,0.73
19,10164373,rs325728,MTHFR,CT,A,T,Hypertension,0.66
19,13038044,rs124755,TCF7L2,AG,A,C,Diabetes,0.6
1,178853979,rs462370,F5,AA,T,G,Stroke,0.67
1,94653766,rs841919,PPARG,AA,T,G,Obesity,0.58
19,192882120,rs441493,CYP2C9,AA,G,A,Stroke,0.6
7,134579028,rs124755,BRCA1,CC,C,G,Cancer,0.74
4,104436882,rs486457,TCF7L2,CC,G,G,Diabetes,0.62
8,23565454,rs325728,BRCA1,TT,T,A,Cancer,0.81
8,6552649,rs325728,CDKN2A/B,CT,A,C,Cancer,0.81
6,39826334,rs441493,MTHFR,AA,A,T,Hypertension,0.67
1,34854406,rs162371,NOS3,AG,T,G,Heart Disease,0.73
1,149813983,rs504472,BRCA1,CT,C,A,Cancer,0.83
8,33277259,rs486457,F5,CT,G,A,Stroke,0.69
10,173537817,rs462370,MIA3,AA,G,G,Heart Disease,0.74
8,138316234,rs325728,F5,CC,C,T,Stroke,0.68
1,61654165,rs162371,CDKN2A/B,AG,C,G,Cancer,0.73
6,69088946,rs460654,MIA3,CT,G,T,Heart Disease,0.73
10,36396234,rs841919,F5,AG,C,G,Stroke,0.71
10,106850711,rs124755,APOE,CT,A,C,Alzheimer's,0.78
4,85126334,rs898181,MIA3,GG,G,C,Heart Disease,0.63
4,56284736,rs325728,F5,AG,C,T,Stroke,0.67
1,108021143,rs162371,CDKN2A/B,TT,A,G,Cancer,0.84
8,22611066,rs898181,MTHFR,GG,C,G,Hypertension,0.6
4,27330821,rs504472,TCF7L2,CT,A,T,Diabetes,0.67
8,130331607,rs462370,MTHFR,AG,G,C,Hypertension,0.66
8,54652167,rs486457,BRCA1,TT,A,T,Cancer,0.78
1,74083175,rs325728,CYP2C9,AA,G,A,Stroke,0.72
8,195066328,rs325728,NOS3,GG,T,A,Heart Disease,0.63
11,116633918,rs898181,MTHFR,CT,G,A,Hypertension,0.57
8,87700680,rs124755,APOE,TT,G,T,Alzheimer's,0.75
4,7571409,rs898181,TCF7L2,AG,T,A,Diabetes,0.73
19,32692264,rs325728,PPARG,AG,T,A,Obesity,0.59
8,1336464,rs325728,F5,TT,G,A,Stroke,0.69
19,103411795,rs460654,MTHFR,TT,G,A,Hypertension,0.67
1,80511665,rs460654,CYP2C9,TT,G,C,Stroke,0.73
11,44203277,rs124755,MIA3,CT,G,C,Heart Disease,0.71
6,133988568,rs162371,CYP2C9,TT,T,T,Stroke,0.7
8,48797819,rs441493,PPARG,AG,A,C,Obesity,0.66
8,131862103,rs441493,MTHFR,TT,T,T,Hypertension,0.55
19,64509655,rs325728,NOS3,CC,C,A,Heart Disease,0.68
4,16479250,rs841919,PPARG,GG,A,C,Obesity,0.57
7,70089588,rs441493,CDKN2A/B,AA,C,G,Cancer,0.77
8,71533689,rs486457,BRCA1,AA,C,G,Cancer,0.82
8,73112004,rs325728,MTHFR,AG,G,C,Hypertension,0.61
10,192709460,rs325728,CYP2C9,AG,G,T,Stroke,0.74
4,66651256,rs462370,TCF7L2,AG,C,A,Diabetes,0.63
1,120247617,rs486457,CYP2C9,AG,G,C,Stroke,0.75
8,191393328,rs325728,NOS3,GG,G,T,Heart Disease,0.75
19,27125892,rs162371,APOE,CT,G,G,Alzheimer's,0.76
6,56624215,rs486457,NOS3,GG,A,A,Heart Disease,0.7
10,165411134,rs325728,CDKN2A/B,GG,C,A,Cancer,0.88
8,169091748,rs162371,APOE,AA,A,C,Alzheimer's,0.71
8,28404353,rs441493,APOE,TT,G,C,Alzheimer's,0.86
10,131853880,rs504472,PPARG,CC,T,C,Obesity,0.44
8,43350016,rs325728,NOS3,AG,T,T,Heart Disease,0.71
8,110923289,rs841919,NOS3,TT,C,A,Heart Disease,0.63
8,20843685,rs462370,NOS3,GG,C,G,Heart Disease,0.69
7,153423295,rs460654,MTHFR,TT,T,C,Hypertension,0.61
8,101985063,rs841919,CYP2C9,AG,A,T,Stroke,0.72
11,72396958,rs441493,F5,GG,G,T,Stroke,0.67
1,175198864,rs124755,MTHFR,CT,G,T,Hypertension,0.58
11,21006387,rs462370,NOS3,GG,C,A,Heart Disease,0.73
8,45696502,rs898181,BRCA1,TT,T,C,Cancer,0.85
19,169890523,rs325728,MTHFR,GG,G,G,Hypertension,0.67
8,83700235,rs441493,NOS3,AG,C,C,Heart Disease,0.64
1,74903936,rs460654,APOE,CC,A,G,Alzheimer's,0.73
8,40709857,rs841919,BRCA1,CT,A,T,Cancer,0.82
8,147112071,rs441493,MIA3,CT,C,C,Heart Disease,0.73
8,40794070,rs162371,CYP2C9,CC,T,G,Stroke,0.67
4,17802038,rs841919,NOS3,CT,G,T,Heart Disease,0.84
8,157866273,rs162371,APOE,CC,C,C,Alzheimer's,0.65
8,93451338,rs898181,TCF7L2,AA,G,T,Diabetes,0.66
8,82217922,rs841919,MIA3,AA,A,A,Heart Disease,0.77
6,8561877,rs841919,CYP2C9,TT,C,G,Stroke,0.74
10,155532156,rs460654,CDKN2A/B,GG,C,T,Cancer,0.83
1,195686429,rs460654,PPARG,AA,A,T,Obesity,0.54
7,177396066,rs462370,TCF7L2,TT,G,G,Diabetes,0.66
4,77779987,rs486457,BRCA1,CC,T,G,Cancer,0.7
10,24356818,rs325728,CYP2C9,TT,T,G,Stroke,0.66
8,192485907,rs325728,TCF7L2,CT,C,G,Diabetes,0.59
1,137646345,rs841919,MTHFR,TT,G,T,Hypertension,0.59
11,32549020,rs162371,F5,CC,T,T,Stroke,0.63
8,2606706,rs462370,F5,CT,A,A,Stroke,0.69
19,170557900,rs325728,MTHFR,GG,C,C,Hypertension,0.56
1,155932536,rs486457,F5,CT,A,G,Stroke,0.72
1,86779185,rs441493,CDKN2A/B,TT,T,A,Cancer,0.82
6,11712934,rs898181,F5,CC,G,A,Stroke,0.77
8,113317585,rs124755,PPARG,CC,T,A,Obesity,0.52
11,27898421,rs460654,APOE,CC,T,C,Alzheimer's,0.71
10,71604425,rs486457,BRCA1,CC,T,C,Cancer,0.73
19,6300977,rs162371,NOS3,AA,T,T,Heart Disease,0.68
4,5052702,rs162371,APOE,CT,T,C,Alzheimer's,0.66
1,163079940,rs462370,CYP2C9,AG,A,A,Stroke,0.74
8,197652477,rs162371,PPARG,TT,T,A,Obesity,0.51
7,105409611,rs162371,BRCA1,GG,T,A,Cancer,0.84
6,98269113,rs504472,CDKN2A/B,AA,A,A,Cancer,0.77
11,78180360,rs460654,F5,CC,C,T,Stroke,0.72
4,146261457,rs841919,NOS3,GG,G,G,Heart Disease,0.71
4,84603563,rs841919,TCF7L2,CT,C,C,Diabetes,0.66
1,110139115,rs162371,MIA3,GG,T,T,Heart Disease,0.75
7,49175839,rs462370,TCF7L2,AG,G,C,Diabetes,0.6
4,9012922,rs898181,F5,GG,C,G,Stroke,0.72
1,81413822,rs898181,PPARG,CT,C,A,Obesity,0.43
6,92744240,rs841919,BRCA1,CT,T,A,Cancer,0.85
4,13445829,rs460654,CDKN2A/B,AG,T,T,Cancer,0.77
4,103781779,rs898181,CYP2C9,AG,G,A,Stroke,0.64
8,26941288,rs124755,PPARG,GG,C,T,Obesity,0.56
10,159816823,rs162371,NOS3,AA,T,G,Heart Disease,0.64
11,18141513,rs460654,BRCA1,TT,C,A,Cancer,0.88
6,10406883,rs462370,APOE,AA,G,T,Alzheimer's,0.77
10,170372741,rs462370,APOE,CT,A,G,Alzheimer's,0.81
8,93829747,rs898181,F5,AA,G,T,Stroke,0.64
8,58268057,rs162371,MTHFR,TT,G,A,Hypertension,0.57
7,75426355,rs325728,MIA3,GG,G,G,Heart Disease,0.71
7,83753730,rs898181,CDKN2A/B,CT,A,T,Cancer,0.84
11,105393076,rs162371,BRCA1,GG,C,T,Cancer,0.74
8,193756129,rs460654,APOE,AG,T,C,Alzheimer's,0.76
11,194682601,rs486457,APOE,CT,T,T,Alzheimer's,0.76
7,138729212,rs325728,APOE,CC,G,G,Alzheimer's,0.73
8,8722648,rs441493,CYP2C9,GG,T,C,Stroke,0.71
10,53728548,rs462370,APOE,CC,G,C,Alzheimer's,0.79
4,80853994,rs841919,MIA3,GG,G,G,Heart Disease,0.62
10,142616747,rs841919,CYP2C9,CT,T,T,Stroke,0.63
4,92592412,rs504472,CYP2C9,AG,G,G,Stroke,0.71
7,90129733,rs898181,BRCA1,CC,A,T,Cancer,0.84
8,88691265,rs162371,MTHFR,GG,A,G,Hypertension,0.63
19,177948282,rs841919,NOS3,AG,A,T,Heart Disease,0.68
11,18269809,rs325728,PPARG,CT,A,G,Obesity,0.42
19,25854487,rs841919,CDKN2A/B,GG,T,T,Cancer,0.8
6,13241652,rs841919,CDKN2A/B,AG,T,T,Cancer,0.78
8,92809852,rs162371,BRCA1,TT,A,T,Cancer,0.8
1,73649313,rs460654,F5,CC,C,G,Stroke,0.65
11,64145207,rs162371,BRCA1,CC,A,A,Cancer,0.75
19,21209174,rs504472,MIA3,AA,G,T,Heart Disease,0.74
8,79750172,rs460654,APOE,AA,C,A,Alzheimer's,0.81
8,160220874,rs486457,MTHFR,AA,T,G,Hypertension,0.62
8,83281217,rs504472,PPARG,AG,T,T,Obesity,0.54
6,111819949,rs460654,PPARG,GG,G,T,Obesity,0.54
7,11220631,rs460654,CDKN2A/B,GG,A,C,Cancer,0.8
4,101773892,rs486457,MIA3,AG,G,G,Heart Disease,0.7
10,177258221,rs124755,NOS3,TT,G,T,Heart Disease,0.74
8,75166179,rs504472,MIA3,TT,G,C,Heart Disease,0.63
19,69369703,rs325728,APOE,CC,C,A,Alzheimer's,0.79
1,45329388,rs441493,APOE,AA,C,A,Alzheimer's,0.72
6,47364453,rs441493,APOE,AG,G,G,Alzheimer's,0.79
1,9463824,rs124755,F5,TT,T,A,Stroke,0.84
11,5785181,rs162371,APOE,CC,G,G,Alzheimer's,0.76
7,135420852,rs162371,TCF7L2,CC,T,G,Diabetes,0.7
6,113939238,rs486457,BRCA1,CT,C,A,Cancer,0.83
8,80358898,rs486457,MIA3,CT,G,T,Heart Disease,0.69
4,83333267,rs841919,F5,AG,C,G,Stroke,0.64
4,34322733,rs841919,MTHFR,TT,T,A,Hypertension,0.59
10,62360415,rs162371,CYP2C9,GG,G,T,Stroke,0.72
6,185272854,rs486457,MTHFR,AA,G,T,Hypertension,0.53
4,106925563,rs486457,MTHFR,GG,G,C,Hypertension,0.68
11,18356498,rs460654,MTHFR,CT,G,G,Hypertension,0.6
8,24073848,rs504472,CYP2C9,CT,C,C,Stroke,0.67
4,104917983,rs460654,CYP2C9,AA,G,A,Stroke,0.73
1,135906249,rs441493,MIA3,AG,C,C,Heart Disease,0.68
6,60129216,rs460654,CDKN2A/B,TT,G,G,Cancer,0.82
11,179340704,rs462370,CYP2C9,AG,A,C,Stroke,0.75
7,6313691,rs162371,APOE,GG,A,G,Alzheimer's,0.7
7,5177075,rs486457,NOS3,CC,A,A,Heart Disease,0.69
11,152389622,rs325728,APOE,AA,C,G,Alzheimer's,0.78
8,111672339,rs462370,PPARG,AG,G,T,Obesity,0.59
6,34957211,rs441493,CDKN2A/B,GG,G,T,Cancer,0.75
19,3677836,rs124755,TCF7L2,GG,G,A,Diabetes,0.68
7,166801676,rs486457,TCF7L2,CT,T,T,Diabetes,0.71
7,160102280,rs504472,NOS3,AA,C,T,Heart Disease,0.81
6,40093783,rs441493,CYP2C9,TT,C,G,Stroke,0.74
7,184108683,rs504472,APOE,GG,C,C,Alzheimer's,0.65
19,101329475,rs841919,NOS3,TT,A,C,Heart Disease,0.67
8,57491990,rs462370,CDKN2A/B,AG,T,A,Cancer,0.87
8,89200609,rs124755,BRCA1,CT,C,G,Cancer,0.88
11,183051805,rs325728,PPARG,CT,C,C,Obesity,0.48
1,147273452,rs504472,BRCA1,TT,G,C,Cancer,0.8
8,154316285,rs124755,APOE,CT,G,G,Alzheimer's,0.66
10,127419041,rs325728,MIA3,CC,A,G,Heart Disease,0.73
4,162207455,rs460654,BRCA1,GG,G,C,Cancer,0.77
4,98407291,rs504472,PPARG,GG,A,G,Obesity,0.54
8,82464967,rs486457,F5,AG,C,C,Stroke,0.68
4,32460704,rs460654,F5,TT,A,C,Stroke,0.79
4,34465552,rs486457,MTHFR,TT,T,A,Hypertension,0.58
19,169059463,rs504472,PPARG,CT,G,T,Obesity,0.54
8,33989610,rs460654,PPARG,AG,G,C,Obesity,0.56
1,79633180,rs460654,MIA3,CC,C,G,Heart Disease,0.74
8,189620200,rs486457,CDKN2A/B,AG,G,T,Cancer,0.84
7,40650562,rs486457,PPARG,CC,T,A,Obesity,0.51
8,61100064,rs841919,MTHFR,GG,C,C,Hypertension,0.61
19,152330629,rs325728,PPARG,TT,G,C,Obesity,0.55
19,172475409,rs504472,MIA3,TT,G,G,Heart Disease,0.65
6,143371373,rs162371,MIA3,AA,T,G,Heart Disease,0.66
6,115303188,rs462370,PPARG,AG,T,T,Obesity,0.59
8,86712927,rs898181,MTHFR,GG,A,A,Hypertension,0.6
1,118342791,rs486457,MIA3,AG,A,T,Heart Disease,0.67
8,172649642,rs462370,NOS3,CT,A,C,Heart Disease,0.75
6,46853922,rs460654,MTHFR,TT,A,C,Hypertension,0.63
8,50688502,rs162371,CDKN2A/B,CC,G,G,Cancer,0.73
7,193077074,rs898181,CYP2C9,GG,G,G,Stroke,0.74
6,96894922,rs898181,PPARG,CC,A,A,Obesity,0.57
4,63122744,rs462370,F5,AG,T,T,Stroke,0.7
11,92073670,rs504472,F5,CT,C,C,Stroke,0.72
